global_step,epoch,loss,grad_norm,learning_rate,progress_pct,ts
6536,0.10000382511570975,0.4089349492235312,0.10888671875,2.9400073441659783e-05,2.000061201383151,2026-04-14 01:37:36
13072,0.2000076502314195,0.3957500107577264,0.138671875,2.8800055081244838e-05,4.000122402766302,2026-04-14 02:31:25
19608,0.30001147534712924,0.393086875812806,0.177734375,2.8200036720829893e-05,6.000183604149454,2026-04-14 03:24:53
26144,0.400015300462839,0.39158833946125304,0.146484375,2.7600018360414948e-05,8.000244805532605,2026-04-14 04:18:19
32680,0.5000191255785488,0.3911551168528152,0.1875,2.7000000000000002e-05,10.000306006915755,2026-04-14 05:11:46
39216,0.6000229506942585,0.3901472897103542,0.1884765625,2.6399981639585057e-05,12.000367208298908,2026-04-14 06:05:11
45752,0.7000267758099683,0.38995693771754514,0.08642578125,2.579996327917011e-05,14.000428409682058,2026-04-14 06:58:35
52288,0.800030600925678,0.3889484755703986,0.150390625,2.5199944918755163e-05,16.00048961106521,2026-04-14 07:52:00
58824,0.9000344260413877,0.38887231236134484,0.154296875,2.4599926558340218e-05,18.000550812448363,2026-04-14 08:45:24
65360,1.000030600925678,0.3894051559989864,0.11767578125,2.3999908197925273e-05,20.00061201383151,2026-04-14 09:38:47
71896,1.1000344260413877,0.3889780593181036,0.185546875,2.3399889837510328e-05,22.000673215214665,2026-04-14 10:32:08
78432,1.2000382511570975,0.38844839070389,0.2216796875,2.2799871477095382e-05,24.000734416597815,2026-04-14 11:25:34
84968,1.3000420762728073,0.3885255998030141,0.1591796875,2.2199853116680437e-05,26.000795617980966,2026-04-14 12:19:10
91504,1.400045901388517,0.3881378734126377,0.11669921875,2.1599834756265492e-05,28.000856819364117,2026-04-14 13:12:30
98040,1.5000497265042267,0.3879900293805462,0.15625,2.0999816395850547e-05,30.00091802074727,2026-04-14 14:05:49
104576,1.6000535516199363,0.388235327955267,0.259765625,2.03997980354356e-05,32.00097922213042,2026-04-14 14:59:34
111112,1.7000573767356464,0.3888751885590384,0.2294921875,1.9799779675020656e-05,34.00104042351357,2026-04-14 15:52:49
117648,1.800061201851356,0.3881784763592985,0.099609375,1.919976131460571e-05,36.00110162489673,2026-04-14 16:46:12
124184,1.9000650269670658,0.38831787856439337,0.095703125,1.8599742954190766e-05,38.001162826279874,2026-04-14 17:39:32
130720,2.000061201851356,0.3884304238066095,0.1123046875,1.799972459377582e-05,40.00122402766302,2026-04-14 18:32:51
137256,2.1000650269670658,0.3880254402300719,0.10400390625,1.7399706233360876e-05,42.001285229046175,2026-04-14 19:26:11
143792,2.2000688520827754,0.38821246778658586,0.1474609375,1.679968787294593e-05,44.00134643042933,2026-04-14 20:19:34
150328,2.3000726771984854,0.38796193976151316,0.232421875,1.6199669512530985e-05,46.00140763181248,2026-04-14 21:13:01
156864,2.400076502314195,0.38831253705439106,0.1435546875,1.5599651152116036e-05,48.00146883319563,2026-04-14 22:06:25
163400,2.5000803274299046,0.3883517579320303,0.130859375,1.4999632791701093e-05,50.00153003457878,2026-04-14 22:59:48
169936,2.6000841525456146,0.38847905769488217,0.15234375,1.4399614431286146e-05,52.00159123596193,2026-04-14 23:53:10
176472,2.7000879776613242,0.38807571765988375,0.212890625,1.3799596070871203e-05,54.00165243734508,2026-04-15 00:46:37
183008,2.800091802777034,0.38795375940703414,0.1103515625,1.3199577710456257e-05,56.00171363872823,2026-04-15 01:40:00
189544,2.900095627892744,0.38792664097163787,0.412109375,1.2599559350041312e-05,58.00177484011139,2026-04-15 02:33:22
196080,3.000091802777034,0.3883162350228542,0.328125,1.1999540989626365e-05,60.00183604149454,2026-04-15 03:26:45
202616,3.1000956278927436,0.38773457073085604,0.138671875,1.139952262921142e-05,62.00189724287769,2026-04-15 04:20:12
209152,3.2000994530084537,0.38790187578889995,0.154296875,1.0799504268796475e-05,64.00195844426084,2026-04-15 05:13:37
215688,3.3001032781241633,0.38906617555653306,0.169921875,1.019948590838153e-05,66.002019645644,2026-04-15 06:07:03
222224,3.400107103239873,0.38823495442309897,0.23046875,9.599467547966584e-06,68.00208084702714,2026-04-15 07:00:27
228760,3.500110928355583,0.3880106857094362,0.1181640625,8.999449187551639e-06,70.00214204841029,2026-04-15 07:53:55
235296,3.6001147534712925,0.3880873345103083,0.1845703125,8.399430827136694e-06,72.00220324979345,2026-04-15 08:47:25
241832,3.700118578587002,0.38800340183216037,0.3671875,7.799412466721749e-06,74.00226445117659,2026-04-15 09:40:54
248368,3.800122403702712,0.38815259058005663,0.1435546875,7.199394106306803e-06,76.00232565255975,2026-04-15 10:35:31
254904,3.9001262288184217,0.3882402212266677,0.1240234375,6.599375745891857e-06,78.0023868539429,2026-04-15 11:29:00
261440,4.000122403702712,0.3879023987339351,0.1845703125,5.999357385476912e-06,80.00244805532604,2026-04-15 12:22:30
267976,4.1001262288184215,0.388306411126836,0.2060546875,5.399339025061966e-06,82.0025092567092,2026-04-15 13:15:55
274512,4.2001300539341315,0.38779937856200275,0.259765625,4.799320664647021e-06,84.00257045809235,2026-04-15 14:09:23
281048,4.300133879049842,0.3885905944002448,0.15625,4.199302304232076e-06,86.0026316594755,2026-04-15 15:02:46
287584,4.400137704165551,0.38792723862310663,0.216796875,3.5992839438171304e-06,88.00269286085866,2026-04-15 15:56:11
294120,4.500141529281261,0.3881190100381541,0.1376953125,2.999265583402185e-06,90.0027540622418,2026-04-15 16:49:37
300656,4.600145354396971,0.388141160495716,0.15625,2.3992472229872396e-06,92.00281526362495,2026-04-15 17:42:58
307192,4.70014917951268,0.3882144475070762,0.1640625,1.7992288625722942e-06,94.00287646500811,2026-04-15 18:36:20
313728,4.80015300462839,0.38812857246165466,0.2734375,1.1992105021573487e-06,96.00293766639126,2026-04-15 19:29:44
320264,4.9001568297441,0.3877444693333078,0.12890625,5.991921417424034e-07,98.00299886777441,2026-04-15 20:23:03
